,lastmonth_activity,lastyear_activity,number_of_employees,exited
lastmonth_activity,1.0,0.24908452505101766,0.01934930365876704,-0.46503942217523736
lastyear_activity,0.24908452505101766,1.0,-0.08082893320876455,-0.15533026540040845
number_of_employees,0.01934930365876704,-0.08082893320876455,1.0,0.12264095341754391
exited,-0.46503942217523736,-0.15533026540040845,0.12264095341754391,1.0
